Grade,BraTS_2017_subject_ID,BraTS_2018_subject_ID,TCGA_TCIA_subject_ID,BraTS_2019_subject_ID
HGG,Brats17_CBICA_AAB_1,Brats18_CBICA_AAB_1,NA,BraTS19_CBICA_AAB_1
HGG,Brats17_CBICA_AAG_1,Brats18_CBICA_AAG_1,NA,BraTS19_CBICA_AAG_1
HGG,Brats17_CBICA_AAL_1,Brats18_CBICA_AAL_1,NA,BraTS19_CBICA_AAL_1
HGG,Brats17_CBICA_AAP_1,Brats18_CBICA_AAP_1,NA,BraTS19_CBICA_AAP_1
HGG,Brats17_CBICA_ABB_1,Brats18_CBICA_ABB_1,NA,BraTS19_CBICA_ABB_1
HGG,Brats17_CBICA_ABE_1,Brats18_CBICA_ABE_1,NA,BraTS19_CBICA_ABE_1
HGG,Brats17_CBICA_ABM_1,Brats18_CBICA_ABM_1,NA,BraTS19_CBICA_ABM_1
HGG,Brats17_CBICA_ABN_1,Brats18_CBICA_ABN_1,NA,BraTS19_CBICA_ABN_1
HGG,Brats17_CBICA_ABO_1,Brats18_CBICA_ABO_1,NA,BraTS19_CBICA_ABO_1
HGG,Brats17_CBICA_ABY_1,Brats18_CBICA_ABY_1,NA,BraTS19_CBICA_ABY_1
HGG,Brats17_CBICA_ALN_1,Brats18_CBICA_ALN_1,NA,BraTS19_CBICA_ALN_1
HGG,Brats17_CBICA_ALU_1,Brats18_CBICA_ALU_1,NA,BraTS19_CBICA_ALU_1
HGG,Brats17_CBICA_ALX_1,Brats18_CBICA_ALX_1,NA,BraTS19_CBICA_ALX_1
HGG,Brats17_CBICA_AME_1,Brats18_CBICA_AME_1,NA,BraTS19_CBICA_AME_1
HGG,Brats17_CBICA_AMH_1,Brats18_CBICA_AMH_1,NA,BraTS19_CBICA_AMH_1
HGG,Brats17_CBICA_ANG_1,Brats18_CBICA_ANG_1,NA,BraTS19_CBICA_ANG_1
HGG,Brats17_CBICA_ANI_1,Brats18_CBICA_ANI_1,NA,BraTS19_CBICA_ANI_1
HGG,Brats17_CBICA_ANP_1,Brats18_CBICA_ANP_1,NA,BraTS19_CBICA_ANP_1
HGG,Brats17_CBICA_ANZ_1,Brats18_CBICA_ANZ_1,NA,BraTS19_CBICA_ANZ_1
HGG,Brats17_CBICA_AOD_1,Brats18_CBICA_AOD_1,NA,BraTS19_CBICA_AOD_1
HGG,Brats17_CBICA_AOH_1,Brats18_CBICA_AOH_1,NA,BraTS19_CBICA_AOH_1
HGG,Brats17_CBICA_AOO_1,Brats18_CBICA_AOO_1,NA,BraTS19_CBICA_AOO_1
HGG,Brats17_CBICA_AOP_1,Brats18_CBICA_AOP_1,NA,BraTS19_CBICA_AOP_1
HGG,Brats17_CBICA_AOZ_1,Brats18_CBICA_AOZ_1,NA,BraTS19_CBICA_AOZ_1
HGG,Brats17_CBICA_APR_1,Brats18_CBICA_APR_1,NA,BraTS19_CBICA_APR_1
HGG,Brats17_CBICA_APY_1,Brats18_CBICA_APY_1,NA,BraTS19_CBICA_APY_1
HGG,Brats17_CBICA_APZ_1,Brats18_CBICA_APZ_1,NA,BraTS19_CBICA_APZ_1
HGG,Brats17_CBICA_AQA_1,Brats18_CBICA_AQA_1,NA,BraTS19_CBICA_AQA_1
HGG,Brats17_CBICA_AQD_1,Brats18_CBICA_AQD_1,NA,BraTS19_CBICA_AQD_1
HGG,Brats17_CBICA_AQG_1,Brats18_CBICA_AQG_1,NA,BraTS19_CBICA_AQG_1
HGG,Brats17_CBICA_AQJ_1,Brats18_CBICA_AQJ_1,NA,BraTS19_CBICA_AQJ_1
HGG,Brats17_CBICA_AQN_1,Brats18_CBICA_AQN_1,NA,BraTS19_CBICA_AQN_1
HGG,Brats17_CBICA_AQO_1,Brats18_CBICA_AQO_1,NA,BraTS19_CBICA_AQO_1
HGG,Brats17_CBICA_AQP_1,Brats18_CBICA_AQP_1,NA,BraTS19_CBICA_AQP_1
HGG,Brats17_CBICA_AQQ_1,Brats18_CBICA_AQQ_1,NA,BraTS19_CBICA_AQQ_1
HGG,Brats17_CBICA_AQR_1,Brats18_CBICA_AQR_1,NA,BraTS19_CBICA_AQR_1
HGG,Brats17_CBICA_AQT_1,Brats18_CBICA_AQT_1,NA,BraTS19_CBICA_AQT_1
HGG,Brats17_CBICA_AQU_1,Brats18_CBICA_AQU_1,NA,BraTS19_CBICA_AQU_1
HGG,Brats17_CBICA_AQV_1,Brats18_CBICA_AQV_1,NA,BraTS19_CBICA_AQV_1
HGG,Brats17_CBICA_AQY_1,Brats18_CBICA_AQY_1,NA,BraTS19_CBICA_AQY_1
HGG,Brats17_CBICA_AQZ_1,Brats18_CBICA_AQZ_1,NA,BraTS19_CBICA_AQZ_1
HGG,Brats17_CBICA_ARF_1,Brats18_CBICA_ARF_1,NA,BraTS19_CBICA_ARF_1
HGG,Brats17_CBICA_ARW_1,Brats18_CBICA_ARW_1,NA,BraTS19_CBICA_ARW_1
HGG,Brats17_CBICA_ARZ_1,Brats18_CBICA_ARZ_1,NA,BraTS19_CBICA_ARZ_1
HGG,Brats17_CBICA_ASA_1,Brats18_CBICA_ASA_1,NA,BraTS19_CBICA_ASA_1
HGG,Brats17_CBICA_ASE_1,Brats18_CBICA_ASE_1,NA,BraTS19_CBICA_ASE_1
HGG,Brats17_CBICA_ASG_1,Brats18_CBICA_ASG_1,NA,BraTS19_CBICA_ASG_1
HGG,Brats17_CBICA_ASH_1,Brats18_CBICA_ASH_1,NA,BraTS19_CBICA_ASH_1
HGG,Brats17_CBICA_ASK_1,Brats18_CBICA_ASK_1,NA,BraTS19_CBICA_ASK_1
HGG,Brats17_CBICA_ASN_1,Brats18_CBICA_ASN_1,NA,BraTS19_CBICA_ASN_1
HGG,Brats17_CBICA_ASO_1,Brats18_CBICA_ASO_1,NA,BraTS19_CBICA_ASO_1
HGG,Brats17_CBICA_ASU_1,Brats18_CBICA_ASU_1,NA,BraTS19_CBICA_ASU_1
HGG,Brats17_CBICA_ASV_1,Brats18_CBICA_ASV_1,NA,BraTS19_CBICA_ASV_1
HGG,Brats17_CBICA_ASW_1,Brats18_CBICA_ASW_1,NA,BraTS19_CBICA_ASW_1
HGG,Brats17_CBICA_ASY_1,Brats18_CBICA_ASY_1,NA,BraTS19_CBICA_ASY_1
HGG,Brats17_CBICA_ATB_1,Brats18_CBICA_ATB_1,NA,BraTS19_CBICA_ATB_1
HGG,Brats17_CBICA_ATD_1,Brats18_CBICA_ATD_1,NA,BraTS19_CBICA_ATD_1
HGG,Brats17_CBICA_ATF_1,Brats18_CBICA_ATF_1,NA,BraTS19_CBICA_ATF_1
HGG,Brats17_CBICA_ATP_1,Brats18_CBICA_ATP_1,NA,BraTS19_CBICA_ATP_1
HGG,Brats17_CBICA_ATV_1,Brats18_CBICA_ATV_1,NA,BraTS19_CBICA_ATV_1
HGG,Brats17_CBICA_ATX_1,Brats18_CBICA_ATX_1,NA,BraTS19_CBICA_ATX_1
HGG,Brats17_CBICA_AUN_1,Brats18_CBICA_AUN_1,NA,BraTS19_CBICA_AUN_1
HGG,Brats17_CBICA_AUQ_1,Brats18_CBICA_AUQ_1,NA,BraTS19_CBICA_AUQ_1
HGG,Brats17_CBICA_AUR_1,Brats18_CBICA_AUR_1,NA,BraTS19_CBICA_AUR_1
HGG,Brats17_CBICA_AVG_1,Brats18_CBICA_AVG_1,NA,BraTS19_CBICA_AVG_1
HGG,Brats17_CBICA_AVJ_1,Brats18_CBICA_AVJ_1,NA,BraTS19_CBICA_AVJ_1
HGG,Brats17_CBICA_AVV_1,Brats18_CBICA_AVV_1,NA,BraTS19_CBICA_AVV_1
HGG,Brats17_CBICA_AWG_1,Brats18_CBICA_AWG_1,NA,BraTS19_CBICA_AWG_1
HGG,Brats17_CBICA_AWH_1,Brats18_CBICA_AWH_1,NA,BraTS19_CBICA_AWH_1
HGG,Brats17_CBICA_AWI_1,Brats18_CBICA_AWI_1,NA,BraTS19_CBICA_AWI_1
HGG,Brats17_CBICA_AXJ_1,Brats18_CBICA_AXJ_1,NA,BraTS19_CBICA_AXJ_1
HGG,Brats17_CBICA_AXL_1,Brats18_CBICA_AXL_1,NA,BraTS19_CBICA_AXL_1
HGG,Brats17_CBICA_AXM_1,Brats18_CBICA_AXM_1,NA,BraTS19_CBICA_AXM_1
HGG,Brats17_CBICA_AXN_1,Brats18_CBICA_AXN_1,NA,BraTS19_CBICA_AXN_1
HGG,Brats17_CBICA_AXO_1,Brats18_CBICA_AXO_1,NA,BraTS19_CBICA_AXO_1
HGG,Brats17_CBICA_AXQ_1,Brats18_CBICA_AXQ_1,NA,BraTS19_CBICA_AXQ_1
HGG,Brats17_CBICA_AXW_1,Brats18_CBICA_AXW_1,NA,BraTS19_CBICA_AXW_1
HGG,Brats17_CBICA_AYA_1,Brats18_CBICA_AYA_1,NA,BraTS19_CBICA_AYA_1
HGG,Brats17_CBICA_AYI_1,Brats18_CBICA_AYI_1,NA,BraTS19_CBICA_AYI_1
HGG,Brats17_CBICA_AYU_1,Brats18_CBICA_AYU_1,NA,BraTS19_CBICA_AYU_1
HGG,Brats17_CBICA_AYW_1,Brats18_CBICA_AYW_1,NA,BraTS19_CBICA_AYW_1
HGG,Brats17_CBICA_AZD_1,Brats18_CBICA_AZD_1,NA,BraTS19_CBICA_AZD_1
HGG,Brats17_CBICA_AZH_1,Brats18_CBICA_AZH_1,NA,BraTS19_CBICA_AZH_1
HGG,Brats17_CBICA_BFB_1,Brats18_CBICA_BFB_1,NA,BraTS19_CBICA_BFB_1
HGG,Brats17_CBICA_BFP_1,Brats18_CBICA_BFP_1,NA,BraTS19_CBICA_BFP_1
HGG,Brats17_CBICA_BHB_1,Brats18_CBICA_BHB_1,NA,BraTS19_CBICA_BHB_1
HGG,Brats17_CBICA_BHK_1,Brats18_CBICA_BHK_1,NA,BraTS19_CBICA_BHK_1
HGG,Brats17_CBICA_BHM_1,Brats18_CBICA_BHM_1,NA,BraTS19_CBICA_BHM_1
HGG,NA,NA,NA,BraTS19_CBICA_ANV_1
HGG,NA,NA,NA,BraTS19_CBICA_AOC_1
HGG,NA,NA,NA,BraTS19_CBICA_AOS_1
HGG,NA,NA,NA,BraTS19_CBICA_APK_1
HGG,NA,NA,NA,BraTS19_CBICA_ASF_1
HGG,NA,NA,NA,BraTS19_CBICA_ASR_1
HGG,NA,NA,NA,BraTS19_CBICA_ATN_1
HGG,NA,NA,NA,BraTS19_CBICA_AUA_1
HGG,NA,NA,NA,BraTS19_CBICA_AUW_1
HGG,NA,NA,NA,BraTS19_CBICA_AUX_1
HGG,NA,NA,NA,BraTS19_CBICA_AVB_1
HGG,NA,NA,NA,BraTS19_CBICA_AVF_1
HGG,NA,NA,NA,BraTS19_CBICA_AVT_1
HGG,NA,NA,NA,BraTS19_CBICA_AWV_1
HGG,NA,NA,NA,BraTS19_CBICA_AWX_1
HGG,NA,NA,NA,BraTS19_CBICA_AYC_1
HGG,NA,NA,NA,BraTS19_CBICA_AYG_1
HGG,NA,NA,NA,BraTS19_CBICA_BAN_1
HGG,NA,NA,NA,BraTS19_CBICA_BAP_1
HGG,NA,NA,NA,BraTS19_CBICA_BAX_1
HGG,NA,NA,NA,BraTS19_CBICA_BBG_1
HGG,NA,NA,NA,BraTS19_CBICA_BCF_1
HGG,NA,NA,NA,BraTS19_CBICA_BCL_1
HGG,NA,NA,NA,BraTS19_CBICA_BDK_1
HGG,NA,NA,NA,BraTS19_CBICA_BEM_1
HGG,NA,NA,NA,BraTS19_CBICA_BGE_1
HGG,NA,NA,NA,BraTS19_CBICA_BGG_1
HGG,NA,NA,NA,BraTS19_CBICA_BGN_1
HGG,NA,NA,NA,BraTS19_CBICA_BGO_1
HGG,NA,NA,NA,BraTS19_CBICA_BGR_1
HGG,NA,NA,NA,BraTS19_CBICA_BGT_1
HGG,NA,NA,NA,BraTS19_CBICA_BGW_1
HGG,NA,NA,NA,BraTS19_CBICA_BGX_1
HGG,NA,NA,NA,BraTS19_CBICA_BHQ_1
HGG,NA,NA,NA,BraTS19_CBICA_BHV_1
HGG,NA,NA,NA,BraTS19_CBICA_BHZ_1
HGG,NA,NA,NA,BraTS19_CBICA_BIC_1
HGG,NA,NA,NA,BraTS19_CBICA_BJY_1
HGG,NA,NA,NA,BraTS19_CBICA_BKV_1
HGG,NA,NA,NA,BraTS19_CBICA_BLJ_1
HGG,NA,NA,NA,BraTS19_CBICA_BNR_1
HGG,Brats17_2013_10_1,Brats18_2013_10_1,NA,BraTS19_2013_10_1
HGG,Brats17_2013_5_1,Brats18_2013_5_1,NA,BraTS19_2013_5_1
HGG,Brats17_2013_18_1,Brats18_2013_18_1,NA,BraTS19_2013_18_1
HGG,Brats17_2013_21_1,Brats18_2013_21_1,NA,BraTS19_2013_21_1
HGG,Brats17_2013_19_1,Brats18_2013_19_1,NA,BraTS19_2013_19_1
HGG,Brats17_2013_20_1,Brats18_2013_20_1,NA,BraTS19_2013_20_1
HGG,Brats17_2013_2_1,Brats18_2013_2_1,NA,BraTS19_2013_2_1
HGG,Brats17_2013_14_1,Brats18_2013_14_1,NA,BraTS19_2013_14_1
HGG,Brats17_2013_12_1,Brats18_2013_12_1,NA,BraTS19_2013_12_1
HGG,Brats17_2013_13_1,Brats18_2013_13_1,NA,BraTS19_2013_13_1
HGG,Brats17_2013_7_1,Brats18_2013_7_1,NA,BraTS19_2013_7_1
HGG,Brats17_2013_25_1,Brats18_2013_25_1,NA,BraTS19_2013_25_1
HGG,Brats17_2013_26_1,Brats18_2013_26_1,NA,BraTS19_2013_26_1
HGG,Brats17_2013_23_1,Brats18_2013_23_1,NA,BraTS19_2013_23_1
HGG,Brats17_2013_17_1,Brats18_2013_17_1,NA,BraTS19_2013_17_1
HGG,Brats17_2013_27_1,Brats18_2013_27_1,NA,BraTS19_2013_27_1
HGG,Brats17_2013_3_1,Brats18_2013_3_1,NA,BraTS19_2013_3_1
HGG,Brats17_2013_11_1,Brats18_2013_11_1,NA,BraTS19_2013_11_1
HGG,Brats17_2013_4_1,Brats18_2013_4_1,NA,BraTS19_2013_4_1
HGG,Brats17_2013_22_1,Brats18_2013_22_1,NA,BraTS19_2013_22_1
HGG,NA,NA,NA,BraTS19_TMC_06290_1
HGG,NA,NA,NA,BraTS19_TMC_06643_1
HGG,NA,NA,NA,BraTS19_TMC_11964_1
HGG,NA,NA,NA,BraTS19_TMC_12866_1
HGG,NA,NA,NA,BraTS19_TMC_15477_1
HGG,NA,NA,NA,BraTS19_TMC_21360_1
HGG,NA,NA,NA,BraTS19_TMC_27374_1
HGG,NA,NA,NA,BraTS19_TMC_30014_1
HGG,Brats17_TCIA_425_1,Brats18_TCIA01_425_1,TCGA-02-0006,BraTS19_TCIA01_425_1
HGG,Brats17_TCIA_190_1,Brats18_TCIA01_190_1,TCGA-02-0009,BraTS19_TCIA01_190_1
HGG,Brats17_TCIA_460_1,Brats18_TCIA01_460_1,TCGA-02-0011,BraTS19_TCIA01_460_1
HGG,Brats17_TCIA_186_1,Brats18_TCIA01_186_1,TCGA-02-0027,BraTS19_TCIA01_186_1
HGG,Brats17_TCIA_429_1,Brats18_TCIA01_429_1,TCGA-02-0033,BraTS19_TCIA01_429_1
HGG,Brats17_TCIA_201_1,Brats18_TCIA01_201_1,TCGA-02-0034,BraTS19_TCIA01_201_1
HGG,Brats17_TCIA_378_1,Brats18_TCIA01_378_1,TCGA-02-0037,BraTS19_TCIA01_378_1
HGG,Brats17_TCIA_147_1,Brats18_TCIA01_147_1,TCGA-02-0046,BraTS19_TCIA01_147_1
HGG,Brats17_TCIA_401_1,Brats18_TCIA01_401_1,TCGA-02-0047,BraTS19_TCIA01_401_1
HGG,Brats17_TCIA_448_1,Brats18_TCIA01_448_1,TCGA-02-0054,BraTS19_TCIA01_448_1
HGG,Brats17_TCIA_412_1,Brats18_TCIA01_412_1,TCGA-02-0059,BraTS19_TCIA01_412_1
HGG,Brats17_TCIA_499_1,Brats18_TCIA01_499_1,TCGA-02-0064,BraTS19_TCIA01_499_1
HGG,Brats17_TCIA_235_1,Brats18_TCIA01_235_1,TCGA-02-0068,BraTS19_TCIA01_235_1
HGG,Brats17_TCIA_180_1,Brats18_TCIA01_180_1,TCGA-02-0069,BraTS19_TCIA01_180_1
HGG,Brats17_TCIA_131_1,Brats18_TCIA01_131_1,TCGA-02-0070,BraTS19_TCIA01_131_1
HGG,Brats17_TCIA_390_1,Brats18_TCIA01_390_1,TCGA-02-0075,BraTS19_TCIA01_390_1
HGG,Brats17_TCIA_231_1,Brats18_TCIA01_231_1,TCGA-02-0085,BraTS19_TCIA01_231_1
HGG,Brats17_TCIA_203_1,Brats18_TCIA01_203_1,TCGA-02-0086,BraTS19_TCIA01_203_1
HGG,Brats17_TCIA_221_1,Brats18_TCIA01_221_1,TCGA-02-0087,BraTS19_TCIA01_221_1
HGG,Brats17_TCIA_411_1,Brats18_TCIA01_411_1,TCGA-02-0102,BraTS19_TCIA01_411_1
HGG,Brats17_TCIA_335_1,Brats18_TCIA01_335_1,TCGA-02-0106,BraTS19_TCIA01_335_1
HGG,Brats17_TCIA_150_1,Brats18_TCIA01_150_1,TCGA-02-0116,BraTS19_TCIA01_150_1
HGG,Brats17_TCIA_491_1,Brats18_TCIA02_491_1,TCGA-06-0119,BraTS19_TCIA02_491_1
HGG,Brats17_TCIA_331_1,Brats18_TCIA02_331_1,TCGA-06-0122,BraTS19_TCIA02_331_1
HGG,Brats17_TCIA_198_1,Brats18_TCIA02_198_1,TCGA-06-0130,BraTS19_TCIA02_198_1
HGG,Brats17_TCIA_377_1,Brats18_TCIA02_377_1,TCGA-06-0137,BraTS19_TCIA02_377_1
HGG,Brats17_TCIA_290_1,Brats18_TCIA02_290_1,TCGA-06-0138,BraTS19_TCIA02_290_1
HGG,Brats17_TCIA_314_1,Brats18_TCIA02_314_1,TCGA-06-0139,BraTS19_TCIA02_314_1
HGG,Brats17_TCIA_321_1,Brats18_TCIA02_321_1,TCGA-06-0142,BraTS19_TCIA02_321_1
HGG,Brats17_TCIA_430_1,Brats18_TCIA02_430_1,TCGA-06-0145,BraTS19_TCIA02_430_1
HGG,Brats17_TCIA_283_1,Brats18_TCIA02_283_1,TCGA-06-0149,BraTS19_TCIA02_283_1
HGG,Brats17_TCIA_455_1,Brats18_TCIA02_455_1,TCGA-06-0154,BraTS19_TCIA02_455_1
HGG,Brats17_TCIA_226_1,Brats18_TCIA02_226_1,TCGA-06-0158,BraTS19_TCIA02_226_1
HGG,Brats17_TCIA_118_1,Brats18_TCIA02_118_1,TCGA-06-0162,BraTS19_TCIA02_118_1
HGG,Brats17_TCIA_151_1,Brats18_TCIA02_151_1,TCGA-06-0164,BraTS19_TCIA02_151_1
HGG,Brats17_TCIA_168_1,Brats18_TCIA02_168_1,TCGA-06-0176,BraTS19_TCIA02_168_1
HGG,Brats17_TCIA_300_1,Brats18_TCIA02_300_1,TCGA-06-0177,BraTS19_TCIA02_300_1
HGG,Brats17_TCIA_394_1,Brats18_TCIA02_394_1,TCGA-06-0179,BraTS19_TCIA02_394_1
HGG,Brats17_TCIA_471_1,Brats18_TCIA02_471_1,TCGA-06-0182,BraTS19_TCIA02_471_1
HGG,Brats17_TCIA_374_1,Brats18_TCIA02_374_1,TCGA-06-0184,BraTS19_TCIA02_374_1
HGG,Brats17_TCIA_370_1,Brats18_TCIA02_370_1,TCGA-06-0185,BraTS19_TCIA02_370_1
HGG,Brats17_TCIA_135_1,Brats18_TCIA02_135_1,TCGA-06-0187,BraTS19_TCIA02_135_1
HGG,Brats17_TCIA_171_1,Brats18_TCIA02_171_1,TCGA-06-0188,BraTS19_TCIA02_171_1
HGG,Brats17_TCIA_368_1,Brats18_TCIA02_368_1,TCGA-06-0190,BraTS19_TCIA02_368_1
HGG,Brats17_TCIA_608_1,Brats18_TCIA02_608_1,TCGA-06-0192,BraTS19_TCIA02_608_1
HGG,Brats17_TCIA_179_1,Brats18_TCIA02_179_1,TCGA-06-0238,BraTS19_TCIA02_179_1
HGG,Brats17_TCIA_322_1,Brats18_TCIA02_322_1,TCGA-06-0240,BraTS19_TCIA02_322_1
HGG,Brats17_TCIA_208_1,Brats18_TCIA02_208_1,TCGA-06-0644,BraTS19_TCIA02_208_1
HGG,Brats17_TCIA_473_1,Brats18_TCIA02_473_1,TCGA-06-0646,BraTS19_TCIA02_473_1
HGG,Brats17_TCIA_309_1,Brats18_TCIA02_309_1,TCGA-06-1084,BraTS19_TCIA02_309_1
HGG,Brats17_TCIA_222_1,Brats18_TCIA02_222_1,TCGA-06-1802,BraTS19_TCIA02_222_1
HGG,Brats17_TCIA_607_1,Brats18_TCIA02_607_1,TCGA-06-2570,BraTS19_TCIA02_607_1
HGG,Brats17_TCIA_274_1,Brats18_TCIA02_274_1,TCGA-06-5408,BraTS19_TCIA02_274_1
HGG,Brats17_TCIA_117_1,Brats18_TCIA02_117_1,TCGA-06-5413,BraTS19_TCIA02_117_1
HGG,Brats17_TCIA_606_1,Brats18_TCIA02_606_1,TCGA-06-5417,BraTS19_TCIA02_606_1
HGG,Brats17_TCIA_605_1,Brats18_TCIA02_605_1,TCGA-06-6389,BraTS19_TCIA02_605_1
HGG,Brats17_TCIA_121_1,Brats18_TCIA03_121_1,TCGA-08-0355,BraTS19_TCIA03_121_1
HGG,Brats17_TCIA_375_1,Brats18_TCIA03_375_1,TCGA-08-0356,BraTS19_TCIA03_375_1
HGG,Brats17_TCIA_265_1,Brats18_TCIA03_265_1,TCGA-08-0359,BraTS19_TCIA03_265_1
HGG,Brats17_TCIA_338_1,Brats18_TCIA03_338_1,TCGA-08-0360,BraTS19_TCIA03_338_1
HGG,Brats17_TCIA_138_1,Brats18_TCIA03_138_1,TCGA-08-0385,BraTS19_TCIA03_138_1
HGG,Brats17_TCIA_498_1,Brats18_TCIA03_498_1,TCGA-08-0389,BraTS19_TCIA03_498_1
HGG,Brats17_TCIA_257_1,Brats18_TCIA03_257_1,TCGA-08-0390,BraTS19_TCIA03_257_1
HGG,Brats17_TCIA_296_1,Brats18_TCIA03_296_1,TCGA-08-0392,BraTS19_TCIA03_296_1
HGG,Brats17_TCIA_133_1,Brats18_TCIA03_133_1,TCGA-08-0509,BraTS19_TCIA03_133_1
HGG,Brats17_TCIA_199_1,Brats18_TCIA03_199_1,TCGA-08-0512,BraTS19_TCIA03_199_1
HGG,Brats17_TCIA_419_1,Brats18_TCIA03_419_1,TCGA-08-0520,BraTS19_TCIA03_419_1
HGG,Brats17_TCIA_474_1,Brats18_TCIA03_474_1,TCGA-08-0522,BraTS19_TCIA03_474_1
HGG,Brats17_TCIA_149_1,Brats18_TCIA04_149_1,TCGA-12-0616,BraTS19_TCIA04_149_1
HGG,Brats17_TCIA_343_1,Brats18_TCIA04_343_1,TCGA-12-0776,BraTS19_TCIA04_343_1
HGG,Brats17_TCIA_111_1,Brats18_TCIA04_111_1,TCGA-12-0829,BraTS19_TCIA04_111_1
HGG,Brats17_TCIA_479_1,Brats18_TCIA04_479_1,TCGA-12-1094,BraTS19_TCIA04_479_1
HGG,Brats17_TCIA_192_1,Brats18_TCIA04_192_1,TCGA-12-1098,BraTS19_TCIA04_192_1
HGG,Brats17_TCIA_361_1,Brats18_TCIA04_361_1,TCGA-12-1598,BraTS19_TCIA04_361_1
HGG,Brats17_TCIA_328_1,Brats18_TCIA04_328_1,TCGA-12-1601,BraTS19_TCIA04_328_1
HGG,Brats17_TCIA_437_1,Brats18_TCIA04_437_1,TCGA-12-3650,BraTS19_TCIA04_437_1
HGG,Brats17_TCIA_444_1,Brats18_TCIA05_444_1,TCGA-14-1456,BraTS19_TCIA05_444_1
HGG,Brats17_TCIA_478_1,Brats18_TCIA05_478_1,TCGA-14-1794,BraTS19_TCIA05_478_1
HGG,Brats17_TCIA_277_1,Brats18_TCIA05_277_1,TCGA-14-1825,BraTS19_TCIA05_277_1
HGG,Brats17_TCIA_396_1,Brats18_TCIA05_396_1,TCGA-14-3477,BraTS19_TCIA05_396_1
HGG,Brats17_TCIA_184_1,Brats18_TCIA06_184_1,TCGA-19-0963,BraTS19_TCIA06_184_1
HGG,Brats17_TCIA_409_1,Brats18_TCIA06_409_1,TCGA-19-1789,BraTS19_TCIA06_409_1
HGG,Brats17_TCIA_165_1,Brats18_TCIA06_165_1,TCGA-19-2624,BraTS19_TCIA06_165_1
HGG,Brats17_TCIA_372_1,Brats18_TCIA06_372_1,TCGA-19-2631,BraTS19_TCIA06_372_1
HGG,Brats17_TCIA_247_1,Brats18_TCIA06_247_1,TCGA-19-5951,BraTS19_TCIA06_247_1
HGG,Brats17_TCIA_332_1,Brats18_TCIA06_332_1,TCGA-19-5954,BraTS19_TCIA06_332_1
HGG,Brats17_TCIA_603_1,Brats18_TCIA06_603_1,TCGA-19-5958,BraTS19_TCIA06_603_1
HGG,Brats17_TCIA_211_1,Brats18_TCIA06_211_1,TCGA-19-5960,BraTS19_TCIA06_211_1
HGG,Brats17_TCIA_278_1,Brats18_TCIA08_278_1,TCGA-76-4932,BraTS19_TCIA08_278_1
HGG,Brats17_TCIA_105_1,Brats18_TCIA08_105_1,TCGA-76-4934,BraTS19_TCIA08_105_1
HGG,Brats17_TCIA_162_1,Brats18_TCIA08_162_1,TCGA-76-4935,BraTS19_TCIA08_162_1
HGG,Brats17_TCIA_280_1,Brats18_TCIA08_280_1,TCGA-76-6191,BraTS19_TCIA08_280_1
HGG,Brats17_TCIA_406_1,Brats18_TCIA08_406_1,TCGA-76-6193,BraTS19_TCIA08_406_1
HGG,Brats17_TCIA_218_1,Brats18_TCIA08_218_1,TCGA-76-6280,BraTS19_TCIA08_218_1
HGG,Brats17_TCIA_469_1,Brats18_TCIA08_469_1,TCGA-76-6282,BraTS19_TCIA08_469_1
HGG,Brats17_TCIA_319_1,Brats18_TCIA08_319_1,TCGA-76-6285,BraTS19_TCIA08_319_1
HGG,Brats17_TCIA_242_1,Brats18_TCIA08_242_1,TCGA-76-6656,BraTS19_TCIA08_242_1
HGG,Brats17_TCIA_167_1,Brats18_TCIA08_167_1,TCGA-76-6657,BraTS19_TCIA08_167_1
HGG,Brats17_TCIA_205_1,Brats18_TCIA08_205_1,TCGA-76-6661,BraTS19_TCIA08_205_1
HGG,Brats17_TCIA_234_1,Brats18_TCIA08_234_1,TCGA-76-6662,BraTS19_TCIA08_234_1
HGG,Brats17_TCIA_436_1,Brats18_TCIA08_436_1,TCGA-76-6663,BraTS19_TCIA08_436_1
HGG,Brats17_TCIA_113_1,Brats18_TCIA08_113_1,TCGA-76-6664,BraTS19_TCIA08_113_1
LGG,Brats17_2013_0_1,Brats18_2013_0_1,NA,BraTS19_2013_0_1
LGG,Brats17_2013_6_1,Brats18_2013_6_1,NA,BraTS19_2013_6_1
LGG,Brats17_2013_16_1,Brats18_2013_16_1,NA,BraTS19_2013_16_1
LGG,Brats17_2013_15_1,Brats18_2013_15_1,NA,BraTS19_2013_15_1
LGG,Brats17_2013_8_1,Brats18_2013_8_1,NA,BraTS19_2013_8_1
LGG,Brats17_2013_24_1,Brats18_2013_24_1,NA,BraTS19_2013_24_1
LGG,Brats17_2013_29_1,Brats18_2013_29_1,NA,BraTS19_2013_29_1
LGG,Brats17_2013_28_1,Brats18_2013_28_1,NA,BraTS19_2013_28_1
LGG,Brats17_2013_1_1,Brats18_2013_1_1,NA,BraTS19_2013_1_1
LGG,Brats17_2013_9_1,Brats18_2013_9_1,NA,BraTS19_2013_9_1
LGG,NA,NA,NA,BraTS19_TMC_09043_1
LGG,Brats17_TCIA_451_1,Brats18_TCIA09_451_1,TCGA-CS-4942,BraTS19_TCIA09_451_1
LGG,Brats17_TCIA_254_1,Brats18_TCIA09_254_1,TCGA-CS-4944,BraTS19_TCIA09_254_1
LGG,Brats17_TCIA_255_1,Brats18_TCIA09_255_1,TCGA-CS-5393,BraTS19_TCIA09_255_1
LGG,Brats17_TCIA_141_1,Brats18_TCIA09_141_1,TCGA-CS-5396,BraTS19_TCIA09_141_1
LGG,Brats17_TCIA_177_1,Brats18_TCIA09_177_1,TCGA-CS-5397,BraTS19_TCIA09_177_1
LGG,Brats17_TCIA_312_1,Brats18_TCIA09_312_1,TCGA-CS-6186,BraTS19_TCIA09_312_1
LGG,Brats17_TCIA_620_1,Brats18_TCIA09_620_1,TCGA-CS-6188,BraTS19_TCIA09_620_1
LGG,Brats17_TCIA_493_1,Brats18_TCIA09_493_1,TCGA-CS-6665,BraTS19_TCIA09_493_1
LGG,Brats17_TCIA_402_1,Brats18_TCIA09_402_1,TCGA-CS-6666,BraTS19_TCIA09_402_1
LGG,Brats17_TCIA_428_1,Brats18_TCIA09_428_1,TCGA-CS-6668,BraTS19_TCIA09_428_1
LGG,Brats17_TCIA_462_1,Brats18_TCIA09_462_1,TCGA-CS-6669,BraTS19_TCIA09_462_1
LGG,Brats17_TCIA_152_1,Brats18_TCIA10_152_1,TCGA-DU-5851,BraTS19_TCIA10_152_1
LGG,Brats17_TCIA_299_1,Brats18_TCIA10_299_1,TCGA-DU-5854,BraTS19_TCIA10_299_1
LGG,Brats17_TCIA_393_1,Brats18_TCIA10_393_1,TCGA-DU-5855,BraTS19_TCIA10_393_1
LGG,Brats17_TCIA_490_1,Brats18_TCIA10_490_1,TCGA-DU-5872,BraTS19_TCIA10_490_1
LGG,Brats17_TCIA_266_1,Brats18_TCIA10_266_1,TCGA-DU-5874,BraTS19_TCIA10_266_1
LGG,Brats17_TCIA_449_1,Brats18_TCIA10_449_1,TCGA-DU-6404,BraTS19_TCIA10_449_1
LGG,Brats17_TCIA_408_1,Brats18_TCIA10_408_1,TCGA-DU-6542,BraTS19_TCIA10_408_1
LGG,Brats17_TCIA_175_1,Brats18_TCIA10_175_1,TCGA-DU-7008,BraTS19_TCIA10_175_1
LGG,Brats17_TCIA_103_1,Brats18_TCIA10_103_1,TCGA-DU-7010,BraTS19_TCIA10_103_1
LGG,Brats17_TCIA_109_1,Brats18_TCIA10_109_1,TCGA-DU-7014,BraTS19_TCIA10_109_1
LGG,Brats17_TCIA_330_1,Brats18_TCIA10_330_1,TCGA-DU-7015,BraTS19_TCIA10_330_1
LGG,Brats17_TCIA_410_1,Brats18_TCIA10_410_1,TCGA-DU-7018,BraTS19_TCIA10_410_1
LGG,Brats17_TCIA_307_1,Brats18_TCIA10_307_1,TCGA-DU-7019,BraTS19_TCIA10_307_1
LGG,Brats17_TCIA_130_1,Brats18_TCIA10_130_1,TCGA-DU-7294,BraTS19_TCIA10_130_1
LGG,Brats17_TCIA_241_1,Brats18_TCIA10_241_1,TCGA-DU-7298,BraTS19_TCIA10_241_1
LGG,Brats17_TCIA_413_1,Brats18_TCIA10_413_1,TCGA-DU-7299,BraTS19_TCIA10_413_1
LGG,Brats17_TCIA_276_1,Brats18_TCIA10_276_1,TCGA-DU-7300,BraTS19_TCIA10_276_1
LGG,Brats17_TCIA_346_1,Brats18_TCIA10_346_1,TCGA-DU-7301,BraTS19_TCIA10_346_1
LGG,Brats17_TCIA_387_1,Brats18_TCIA10_387_1,TCGA-DU-7302,BraTS19_TCIA10_387_1
LGG,Brats17_TCIA_282_1,Brats18_TCIA10_282_1,TCGA-DU-7304,BraTS19_TCIA10_282_1
LGG,Brats17_TCIA_442_1,Brats18_TCIA10_442_1,TCGA-DU-7306,BraTS19_TCIA10_442_1
LGG,Brats17_TCIA_420_1,Brats18_TCIA10_420_1,TCGA-DU-7309,BraTS19_TCIA10_420_1
LGG,Brats17_TCIA_310_1,Brats18_TCIA10_310_1,TCGA-DU-8162,BraTS19_TCIA10_310_1
LGG,Brats17_TCIA_325_1,Brats18_TCIA10_325_1,TCGA-DU-8164,BraTS19_TCIA10_325_1
LGG,Brats17_TCIA_351_1,Brats18_TCIA10_351_1,TCGA-DU-8166,BraTS19_TCIA10_351_1
LGG,Brats17_TCIA_202_1,Brats18_TCIA10_202_1,TCGA-DU-8167,BraTS19_TCIA10_202_1
LGG,Brats17_TCIA_261_1,Brats18_TCIA10_261_1,TCGA-DU-8168,BraTS19_TCIA10_261_1
LGG,Brats17_TCIA_628_1,Brats18_TCIA10_628_1,TCGA-DU-A5TR,BraTS19_TCIA10_628_1
LGG,Brats17_TCIA_625_1,Brats18_TCIA10_625_1,TCGA-DU-A5TS,BraTS19_TCIA10_625_1
LGG,Brats17_TCIA_640_1,Brats18_TCIA10_640_1,TCGA-DU-A5TT,BraTS19_TCIA10_640_1
LGG,Brats17_TCIA_644_1,Brats18_TCIA10_644_1,TCGA-DU-A5TU,BraTS19_TCIA10_644_1
LGG,Brats17_TCIA_639_1,Brats18_TCIA10_639_1,TCGA-DU-A5TW,BraTS19_TCIA10_639_1
LGG,Brats17_TCIA_629_1,Brats18_TCIA10_629_1,TCGA-DU-A5TY,BraTS19_TCIA10_629_1
LGG,Brats17_TCIA_632_1,Brats18_TCIA10_632_1,TCGA-DU-A6S7,BraTS19_TCIA10_632_1
LGG,Brats17_TCIA_637_1,Brats18_TCIA10_637_1,TCGA-DU-A6S8,BraTS19_TCIA10_637_1
LGG,Brats17_TCIA_470_1,Brats18_TCIA12_470_1,TCGA-FG-5964,BraTS19_TCIA12_470_1
LGG,Brats17_TCIA_480_1,Brats18_TCIA12_480_1,TCGA-FG-6689,BraTS19_TCIA12_480_1
LGG,Brats17_TCIA_298_1,Brats18_TCIA12_298_1,TCGA-FG-6691,BraTS19_TCIA12_298_1
LGG,Brats17_TCIA_101_1,Brats18_TCIA12_101_1,TCGA-FG-6692,BraTS19_TCIA12_101_1
LGG,Brats17_TCIA_466_1,Brats18_TCIA12_466_1,TCGA-FG-7634,BraTS19_TCIA12_466_1
LGG,Brats17_TCIA_249_1,Brats18_TCIA12_249_1,TCGA-FG-A4MT,BraTS19_TCIA12_249_1
LGG,Brats17_TCIA_623_1,Brats18_TCIA13_623_1,TCGA-HT-7473,BraTS19_TCIA13_623_1
LGG,Brats17_TCIA_618_1,Brats18_TCIA13_618_1,TCGA-HT-7602,BraTS19_TCIA13_618_1
LGG,Brats17_TCIA_650_1,Brats18_TCIA13_650_1,TCGA-HT-7680,BraTS19_TCIA13_650_1
LGG,Brats17_TCIA_615_1,Brats18_TCIA13_615_1,TCGA-HT-7686,BraTS19_TCIA13_615_1
LGG,Brats17_TCIA_654_1,Brats18_TCIA13_654_1,TCGA-HT-7690,BraTS19_TCIA13_654_1
LGG,Brats17_TCIA_633_1,Brats18_TCIA13_633_1,TCGA-HT-7694,BraTS19_TCIA13_633_1
LGG,Brats17_TCIA_645_1,Brats18_TCIA13_645_1,TCGA-HT-7879,BraTS19_TCIA13_645_1
LGG,Brats17_TCIA_630_1,Brats18_TCIA13_630_1,TCGA-HT-7884,BraTS19_TCIA13_630_1
LGG,Brats17_TCIA_621_1,Brats18_TCIA13_621_1,TCGA-HT-8018,BraTS19_TCIA13_621_1
LGG,Brats17_TCIA_653_1,Brats18_TCIA13_653_1,TCGA-HT-8111,BraTS19_TCIA13_653_1
LGG,Brats17_TCIA_642_1,Brats18_TCIA13_642_1,TCGA-HT-8114,BraTS19_TCIA13_642_1
LGG,Brats17_TCIA_624_1,Brats18_TCIA13_624_1,TCGA-HT-8563,BraTS19_TCIA13_624_1
LGG,Brats17_TCIA_634_1,Brats18_TCIA13_634_1,TCGA-HT-A61A,BraTS19_TCIA13_634_1
